total_bets,roi_original,roi_corrected,roi_difference,total_profit_original,total_profit_corrected,profit_discrepancy,win_rate,wins,losses,half_wins,half_losses,pushes,sharpe_corrected,max_dd_corrected,has_discrepancy,task,model
6361,0.546433,0.520647,-0.025786,347586.0,331183.5,-16402.5,0.8045,4913,1194,478,131,254,0.7003,0.1854,True,asian,catboost
6280,0.520414,0.499079,-0.021335,326820.0,313421.5,-13398.5,0.7896,4777,1273,447,162,230,0.6565,0.2247,True,asian,lightgbm
6281,0.531258,0.507981,-0.023277,333683.0,319063.0,-14620.0,0.7954,4809,1237,459,150,235,0.6738,0.2217,True,asian,xgboost
6420,0.110664,0.065816,-0.044847,71046.0,42254.0,-28792.0,0.5613,3440,2689,526,270,291,0.0735,4.6239,True,over_under,catboost
6420,0.089396,0.041209,-0.048187,57392.0,26456.0,-30936.0,0.543,3328,2801,469,327,291,0.0459,5.4364,True,over_under,lightgbm
6420,0.097185,0.044826,-0.05236,62393.0,28778.0,-33615.0,0.5451,3341,2788,474,322,291,0.0499,5.2028,True,over_under,xgboost
